STANDARD_NAME	EINAV_INTERFERON_SIGNATURE_IN_CANCER
SYSTEMATIC_NAME	M5091
COLLECTION	C2:CGP
MSIGDB_URL	https://www.gsea-msigdb.org/gsea/msigdb/human/geneset/EINAV_INTERFERON_SIGNATURE_IN_CANCER
NAMESPACE	AFFY_HG_U95
DESCRIPTION_BRIEF	A gene expression signature found in a subset of cancer patients suggestive of a deregulated immune or inflammatory response.
DESCRIPTION_FULL	On the basis of epidemiological studies, infection was suggested to play a role in the etiology of human cancer. While for some cancers such a role was indeed demonstrated, there is no direct biological support for the role of viral pathogens in the pathogenesis of childhood leukemia. Using a novel bioinformatic tool that alternates between clustering and standard statistical methods of analysis, we performed a 'double-blind' search of published gene expression data of subjects with different childhood acute lymphoblastic leukemia (ALL) subtypes, looking for unanticipated partitions of patients, induced by unexpected groups of genes with correlated expression. We discovered a group of about 30 genes, related to the interferon response pathway, whose expression levels divide the ALL samples into two subgroups; high in 50, low in 285 patients. Leukemic subclasses prevalent in early childhood (the age most susceptible to infection) are over-represented in the high-expression subgroup. Similar partitions, induced by the same genes, were found also in breast and ovarian cancer but not in lung cancer, prostate cancer and lymphoma. About 40% of breast cancer samples expressed the 'interferon-related' signature. It is of interest that several studies demonstrated mouse mammary tumor virus-like sequences in about 40% of breast cancer samples. Our discovery of an unanticipated strong signature of an interferon-induced pathway provides molecular support for a role for either inflammation or viral infection in the pathogenesis of childhood leukemia as well as breast and ovarian cancer.
PMID	16007187
GEOID	
AUTHORS	Einav U,Tabach Y,Getz G,Yitzhaky A,Ozbek U,Amariglio N,Izraeli S,Rechavi G,Domany E
CONTRIBUTOR	Leona Saunders
CONTRIBUTOR_ORG	MSigDB Team
EXACT_SOURCE	Table 1: TNoM2 p-value
FILTERED_BY_SIMILARITY	
EXTERNAL_NAMES_FOR_SIMILAR_TERMS	
EXTERNAL_DETAILS_URL	
SOURCE_MEMBERS	1107_s_at,1358_s_at,32800_at,32814_at,32860_g_at,33339_g_at,34947_at,35718_at,36383_at,36845_at,36927_at,37014_at,37352_at,37353_g_at,37360_at,37641_at,38014_at,38389_at,38432_at,38517_at,38584_at,38662_at,38805_at,39061_at,39263_at,39264_at,40054_at,40505_at,41472_at,41841_at,464_s_at,914_g_at,915_at,925_at
GENE_SYMBOLS	ISG15,IFI6,RXRA,IFIT1,STAT1,STAT1,APOBEC3G,SP110,ERG,MORC3,IFI44L,MX1,SP100,SP100,LY6E,IFI44,ADAR,OAS1,ISG15,IRF9,IFIT3,EIF2AK2,TGIF1,BST2,OAS2,OAS2,CMTR1,UBE2L6,APOBEC3G,BRD3,IFI35,ERG,IFIT1,IFI30
FOUNDER_NAMES	